{"images": [], "type": "instances", "annotations": [], "categories": [{"supercategory": "none", "id": 1, "name": "firstresistance"}, {"supercategory": "none", "id": 2, "name": "seconddiode"}, {"supercategory": "none", "id": 3, "name": "pnp"}, {"supercategory": "none", "id": 4, "name": "firstdiode"}, {"supercategory": "none", "id": 5, "name": "secondresistance"}, {"supercategory": "none", "id": 6, "name": "capacitor"}, {"supercategory": "none", "id": 7, "name": "gnd"}, {"supercategory": "none", "id": 8, "name": "amplifier"}, {"supercategory": "none", "id": 9, "name": "firstled"}, {"supercategory": "none", "id": 10, "name": "firstpolarcapacitor"}, {"supercategory": "none", "id": 11, "name": "npn"}, {"supercategory": "none", "id": 12, "name": "inductor"}, {"supercategory": "none", "id": 13, "name": "light"}, {"supercategory": "none", "id": 14, "name": "rectifierbridge"}, {"supercategory": "none", "id": 15, "name": "battery"}, {"supercategory": "none", "id": 16, "name": "transformer"}, {"supercategory": "none", "id": 17, "name": "secondled"}, {"supercategory": "none", "id": 18, "name": "fuse"}, {"supercategory": "none", "id": 19, "name": "secondpolarcapacitor"}, {"supercategory": "none", "id": 20, "name": "loudspeaker"}, {"supercategory": "none", "id": 21, "name": "mos"}]}